{
    "name": "root",
    "metadata": {
        "timer_format_version": "0.1.0",
        "start_time_seconds": "1600071995",
        "python_version": "3.8.5 (tags/v3.8.5:580fbb0, Jul 20 2020, 15:57:54) [MSC v.1924 64 bit (AMD64)]",
        "command_line_arguments": "C:\\Python38\\Scripts\\mlagents-learn config/config.yaml --run-id=test02",
        "mlagents_version": "0.19.0",
        "mlagents_envs_version": "0.19.0",
        "communication_protocol_version": "1.0.0",
        "tensorflow_version": "2.3.0",
        "numpy_version": "1.19.1",
        "end_time_seconds": "1600072008"
    },
    "total": 12.8760403,
    "count": 1,
    "self": 0.25354030000000094,
    "children": {
        "run_training.setup": {
            "total": 0.004477199999999959,
            "count": 1,
            "self": 0.004477199999999959
        },
        "TrainerController.start_learning": {
            "total": 12.618022799999999,
            "count": 1,
            "self": 0.00013769999999801996,
            "children": {
                "TrainerController._reset_env": {
                    "total": 10.7283515,
                    "count": 1,
                    "self": 7.6042389,
                    "children": {
                        "demo_to_buffer": {
                            "total": 3.1241126,
                            "count": 1,
                            "self": 3.62000000002638e-05,
                            "children": {
                                "load_demonstration": {
                                    "total": 2.287788599999999,
                                    "count": 1,
                                    "self": 2.2864125999999985,
                                    "children": {
                                        "read_file": {
                                            "total": 0.001376000000000488,
                                            "count": 1,
                                            "self": 0.001376000000000488
                                        }
                                    }
                                },
                                "make_demo_buffer": {
                                    "total": 0.8362878000000009,
                                    "count": 1,
                                    "self": 0.023384599999996425,
                                    "children": {
                                        "steps_from_proto": {
                                            "total": 0.8129032000000045,
                                            "count": 778,
                                            "self": 0.02714780000001049,
                                            "children": {
                                                "_process_vector_observation": {
                                                    "total": 0.785755399999994,
                                                    "count": 3112,
                                                    "self": 0.785755399999994
                                                }
                                            }
                                        }
                                    }
                                }
                            }
                        }
                    }
                },
                "TrainerController._save_models": {
                    "total": 1.8895336,
                    "count": 1,
                    "self": 0.007519300000000229,
                    "children": {
                        "RLTrainer._checkpoint": {
                            "total": 1.8820142999999998,
                            "count": 1,
                            "self": 1.8820142999999998
                        }
                    }
                }
            }
        }
    }
}