{
    "name": "root",
    "metadata": {
        "timer_format_version": "0.1.0",
        "start_time_seconds": "1600069031",
        "python_version": "3.8.5 (tags/v3.8.5:580fbb0, Jul 20 2020, 15:57:54) [MSC v.1924 64 bit (AMD64)]",
        "command_line_arguments": "C:\\Python38\\Scripts\\mlagents-learn config/config.yaml --run-id=test01",
        "mlagents_version": "0.19.0",
        "mlagents_envs_version": "0.19.0",
        "communication_protocol_version": "1.0.0",
        "tensorflow_version": "2.3.0",
        "numpy_version": "1.19.1",
        "end_time_seconds": "1600069416"
    },
    "total": 385.5565515,
    "count": 1,
    "self": 0.010904600000003484,
    "children": {
        "run_training.setup": {
            "total": 0.004633000000000109,
            "count": 1,
            "self": 0.004633000000000109
        },
        "TrainerController.start_learning": {
            "total": 385.5410139,
            "count": 1,
            "self": 0.07199160000027405,
            "children": {
                "TrainerController._reset_env": {
                    "total": 31.6453219,
                    "count": 1,
                    "self": 21.220148600000005,
                    "children": {
                        "demo_to_buffer": {
                            "total": 10.425173299999994,
                            "count": 3,
                            "self": 0.03314309999999843,
                            "children": {
                                "load_demonstration": {
                                    "total": 7.548177499999998,
                                    "count": 3,
                                    "self": 7.543689099999996,
                                    "children": {
                                        "read_file": {
                                            "total": 0.004488400000001391,
                                            "count": 3,
                                            "self": 0.004488400000001391
                                        }
                                    }
                                },
                                "make_demo_buffer": {
                                    "total": 2.8438526999999976,
                                    "count": 3,
                                    "self": 0.13562429999995196,
                                    "children": {
                                        "steps_from_proto": {
                                            "total": 2.7082284000000456,
                                            "count": 2556,
                                            "self": 0.0937715999999309,
                                            "children": {
                                                "_process_vector_observation": {
                                                    "total": 2.6144568000001147,
                                                    "count": 10224,
                                                    "self": 2.6144568000001147
                                                }
                                            }
                                        }
                                    }
                                }
                            }
                        }
                    }
                },
                "TrainerController.advance": {
                    "total": 340.6293752999997,
                    "count": 2675,
                    "self": 0.023680700000568322,
                    "children": {
                        "env_step": {
                            "total": 340.60569459999914,
                            "count": 2675,
                            "self": 323.50594059999827,
                            "children": {
                                "SubprocessEnvManager._take_step": {
                                    "total": 17.071536200000544,
                                    "count": 2675,
                                    "self": 0.3500162999999148,
                                    "children": {
                                        "TFPolicy.evaluate": {
                                            "total": 16.72151990000063,
                                            "count": 15816,
                                            "self": 16.72151990000063
                                        }
                                    }
                                },
                                "workers": {
                                    "total": 0.028217800000319926,
                                    "count": 2674,
                                    "self": 0.0,
                                    "children": {
                                        "worker_root": {
                                            "total": 365.0897721000003,
                                            "count": 2674,
                                            "is_parallel": true,
                                            "self": 45.66643390000041,
                                            "children": {
                                                "steps_from_proto": {
                                                    "total": 0.0071917000000008,
                                                    "count": 6,
                                                    "is_parallel": true,
                                                    "self": 0.0003056999999992982,
                                                    "children": {
                                                        "_process_vector_observation": {
                                                            "total": 0.006886000000001502,
                                                            "count": 24,
                                                            "is_parallel": true,
                                                            "self": 0.006886000000001502
                                                        }
                                                    }
                                                },
                                                "UnityEnvironment.step": {
                                                    "total": 319.41614649999985,
                                                    "count": 2674,
                                                    "is_parallel": true,
                                                    "self": 0.5182942999971942,
                                                    "children": {
                                                        "UnityEnvironment._generate_step_input": {
                                                            "total": 0.6328297999999677,
                                                            "count": 2674,
                                                            "is_parallel": true,
                                                            "self": 0.6328297999999677
                                                        },
                                                        "communicator.exchange": {
                                                            "total": 300.84324190000126,
                                                            "count": 2674,
                                                            "is_parallel": true,
                                                            "self": 300.84324190000126
                                                        },
                                                        "steps_from_proto": {
                                                            "total": 17.421780500001425,
                                                            "count": 16044,
                                                            "is_parallel": true,
                                                            "self": 0.6506083000061196,