{
    "Race": {
        "checkpoints": [
            {
                "steps": 2633,
                "file_path": "results\\test01\\Race\\Race-2633.nn",
                "reward": -0.8468901982834173,
                "creation_time": 1600069407.7345743
            }
        ],
        "final_checkpoint": {
            "steps": 2633,
            "file_path": "results\\test01\\Race.nn",
            "reward": -0.8468901982834173,
            "creation_time": 1600069407.7345743
        }
    },
    "Garbage": {
        "checkpoints": [
            {
                "steps": 2633,
                "file_path": "results\\test01\\Garbage\\Garbage-2633.nn",
                "reward": -1.4008668775475301,
                "creation_time": 1600069412.283816
            }
        ],
        "final_checkpoint": {
            "steps": 2633,
            "file_path": "results\\test01\\Garbage.nn",
            "reward": -1.4008668775475301,
            "creation_time": 1600069412.283816
        }
    },
    "Police": {
        "checkpoints": [
            {
                "steps": 2633,
                "file_path": "results\\test01\\Police\\Police-2633.nn",
                "reward": -1.5849133799242419,
                "creation_time": 1600069416.5884433
            }
        ],
        "final_checkpoint": {
            "steps": 2633,
            "file_path": "results\\test01\\Police.nn",
            "reward": -1.5849133799242419,
            "creation_time": 1600069416.5884433
        }
    },
    "metadata": {
        "stats_format_version": "0.1.0",
        "mlagents_version": "0.19.0",
        "tensorflow_version": "2.3.0"
    }
}